UIK,voters,voted_mobile,voted_stationary,Turnout,Video
554,588,62,311,0.634353741496599,1
555,199,15,136,0.758793969849246,0
556,38,2,27,0.763157894736842,0
557,122,2,93,0.778688524590164,0
558,154,16,130,0.948051948051948,0
559,222,24,125,0.671171171171171,0
560,458,37,311,0.759825327510917,0
561,425,91,219,0.729411764705882,1
562,78,8,60,0.871794871794872,0
563,882,121,413,0.605442176870748,0
564,230,28,153,0.78695652173913,0
565,914,133,481,0.671772428884026,0
566,364,26,306,0.912087912087912,0
567,166,18,126,0.867469879518072,0
568,181,23,149,0.950276243093923,0
569,464,36,304,0.732758620689655,0
570,782,29,376,0.517902813299233,1
571,59,3,46,0.830508474576271,0
572,476,47,308,0.745798319327731,0
573,568,62,326,0.683098591549296,0
574,477,90,262,0.737945492662474,0
575,146,7,105,0.767123287671233,0
576,76,6,55,0.802631578947368,0
577,443,25,269,0.663656884875847,0
578,223,32,140,0.771300448430493,0
579,604,42,337,0.627483443708609,0
580,66,6,45,0.772727272727273,0
581,602,54,328,0.634551495016611,0
582,329,36,270,0.930091185410334,0
583,311,21,160,0.581993569131833,0
584,409,31,250,0.687041564792176,0
585,513,47,325,0.725146198830409,0
586,476,36,302,0.710084033613445,0
587,433,34,321,0.81986143187067,0
1,1217,57,389,0.366474938373048,1
2,568,29,249,0.48943661971831,0
3,1312,38,326,0.277439024390244,1
4,1425,17,380,0.27859649122807,1
5,1434,50,368,0.291492329149233,1
6,1520,49,441,0.322368421052632,1
7,1301,54,465,0.398923904688701,1
8,1321,34,426,0.348221044663134,1
9,1412,46,604,0.460339943342776,1
10,1521,27,441,0.307692307692308,1
11,2541,82,943,0.403384494293585,1
12,756,21,197,0.288359788359788,0
13,2732,64,1414,0.54099560761347,1
14,2378,27,792,0.344407064760303,1
1901,71,30,38,0.957746478873239,0
592,396,15,121,0.343434343434343,0
593,1520,55,426,0.316447368421053,1
594,1220,35,407,0.362295081967213,1
595,2251,84,834,0.407818747223456,1
596,1977,88,722,0.409711684370258,1
597,1167,45,269,0.269065981148243,1
598,606,180,187,0.605610561056106,0
599,1429,103,422,0.36738978306508,0
600,1658,161,454,0.370928829915561,1
601,774,38,321,0.463824289405685,0
602,1145,66,550,0.537991266375546,1
603,381,14,146,0.41994750656168,0
604,1583,61,477,0.339861023373342,1
605,206,1,53,0.262135922330097,0
606,187,7,107,0.609625668449198,0
607,291,15,90,0.360824742268041,0
608,198,48,115,0.823232323232323,0
609,152,12,51,0.414473684210526,0
610,187,36,124,0.855614973262032,0
611,829,24,229,0.30518697225573,0
612,672,127,252,0.563988095238095,0
613,225,32,125,0.697777777777778,0
614,241,23,192,0.892116182572614,0
616,860,37,344,0.443023255813953,1
617,1720,92,552,0.374418604651163,1
618,1281,69,406,0.37080405932865,0
619,417,25,126,0.3621103117506,0
620,250,12,110,0.488,0
621,220,8,95,0.468181818181818,0
622,611,30,206,0.386252045826514,0
623,724,94,352,0.616022099447514,0
624,143,11,93,0.727272727272727,0
625,542,67,282,0.643911439114391,0
626,282,38,85,0.436170212765957,0
627,508,39,215,0.5,0
628,751,52,248,0.399467376830892,0
16,2133,34,578,0.286919831223629,1
17,1977,24,832,0.432979261507334,1
18,1634,10,628,0.390452876376989,1
19,2185,22,849,0.39862700228833,1
20,1954,33,744,0.397645854657114,1
21,1607,48,533,0.361543248288737,1
22,1855,41,804,0.455525606469003,1
23,1034,24,530,0.5357833655706,0
24,2434,63,969,0.423993426458505,1
25,2122,32,785,0.385014137606032,1
26,1941,48,693,0.381761978361669,1
27,2200,56,707,0.346818181818182,1
28,1373,37,401,0.319009468317553,1
29,1959,37,717,0.384890250127616,1
30,2659,56,669,0.272658894321173,1
31,2515,94,893,0.392445328031809,1
32,1439,52,366,0.290479499652536,1
33,1683,28,519,0.325014854426619,1
34,2361,31,877,0.384582803896654,1
35,1808,41,431,0.261061946902655,1
36,2576,58,624,0.264751552795031,1
37,1983,37,532,0.286938981341402,1
38,1822,51,537,0.322722283205269,1
39,1854,19,424,0.238942826321467,1
40,1914,184,515,0.365203761755486,1
41,1841,40,538,0.313959804454101,1
42,1808,88,455,0.30033185840708,1
43,1369,33,367,0.29218407596786,1
44,1542,22,486,0.329442282749676,1
45,2306,45,769,0.352992194275802,1
46,2143,53,650,0.328044797013532,1
47,1834,72,515,0.320065430752454,1
48,1829,43,581,0.34117003827228,1
49,1508,39,422,0.305702917771883,1
50,1760,110,534,0.365909090909091,1
51,1751,45,549,0.33923472301542,1
52,2573,23,722,0.289545277885736,1
53,2467,52,522,0.232671260640454,1
54,1971,37,467,0.255707762557078,1
55,1992,46,590,0.319277108433735,1
56,2467,35,712,0.302796919335225,1
57,2469,73,742,0.330093155123532,1
58,2560,45,583,0.2453125,1
59,2158,20,697,0.332252085264133,1
60,2158,22,671,0.321130676552363,1
61,2521,13,776,0.312971043236811,1
62,1734,11,480,0.28316032295271,1
63,2022,12,523,0.264589515331355,1
64,789,1,248,0.315589353612167,0
65,606,12,239,0.414191419141914,0
66,2113,20,579,0.283483199242783,1
67,1840,25,544,0.309239130434783,1
68,2634,13,816,0.314730447987851,1
69,1889,24,468,0.260455267337215,1
70,2718,56,638,0.255334805003679,0
71,2748,30,753,0.284934497816594,1
72,2784,26,696,0.25933908045977,1
73,2420,14,664,0.280165289256198,1
74,2236,29,601,0.28175313059034,1
75,2425,51,676,0.29979381443299,1
76,1055,25,359,0.363981042654028,1
77,2621,16,756,0.294544067149943,1
78,2206,26,772,0.361740707162285,1
79,2340,25,754,0.332905982905983,1
80,2266,8,699,0.312003530450132,1
81,2481,20,842,0.347440548166062,1
82,2649,10,717,0.274443186107965,1
83,1140,3,288,0.255263157894737,1
84,1944,10,399,0.210390946502058,1
85,2412,9,522,0.220149253731343,1
86,1293,13,308,0.248259860788863,1
87,855,3,267,0.315789473684211,1
88,2256,11,702,0.31604609929078,1
89,2237,31,709,0.330800178810907,1
90,2271,18,710,0.320563628357552,1
91,1726,14,604,0.358053302433372,1
92,1792,10,446,0.254464285714286,1
93,2086,14,652,0.319271332694151,1
94,1818,15,528,0.298679867986799,1
95,2344,22,772,0.338737201365188,1
96,2311,32,735,0.331890956295976,1
97,2459,12,805,0.332248881659211,1
98,1964,17,607,0.317718940936864,1
99,2059,10,719,0.354055366682856,1
100,2024,39,651,0.340909090909091,1
101,1992,8,591,0.30070281124498,1
102,2529,11,721,0.28944246737841,1
103,2829,9,920,0.328384588193708,0
104,2720,5,951,0.351470588235294,0
105,1871,6,687,0.370390165686799,0
106,2466,3,832,0.33860502838605,0
107,2433,18,694,0.292642827784628,0
108,2098,30,713,0.354146806482364,0
109,2080,33,558,0.284134615384615,0
110,2233,35,701,0.329601433049709,0
111,1841,20,449,0.254752851711027,0
112,2294,49,625,0.293809938971229,1
113,2059,29,608,0.309373482272948,1
114,555,5,167,0.30990990990991,0
115,2412,34,738,0.320066334991708,1
116,2470,33,816,0.343724696356275,1
117,1674,21,540,0.335125448028674,1
118,1221,26,444,0.384930384930385,1
119,2360,43,732,0.328389830508475,1
120,2319,27,730,0.326433807675722,1
121,1881,11,585,0.316852737905369,1
122,1834,19,650,0.364776444929117,1
123,1979,16,597,0.309752400202122,1
124,1693,16,556,0.337861783815712,1
125,1894,9,596,0.319429778247096,1
126,2032,5,792,0.392224409448819,1
127,871,2,307,0.354764638346728,1
128,2313,14,799,0.351491569390402,1
129,2339,11,812,0.351859769132108,1
130,1978,5,669,0.340748230535895,1
131,2129,7,633,0.300610615312353,1
132,1926,18,661,0.352544132917965,1
133,2237,14,730,0.332588287885561,1
134,2090,6,693,0.33444976076555,1
135,1785,9,593,0.337254901960784,1
136,2277,28,655,0.299956082564778,1
137,2150,54,612,0.309767441860465,1
1903,224,0,221,0.986607142857143,0
140,2079,34,588,0.299182299182299,1
141,2493,47,774,0.329322101885279,1
142,2351,26,790,0.347086346235644,1
143,2328,30,709,0.317439862542955,1
144,2355,14,755,0.326539278131635,1
145,2252,16,737,0.33436944937833,1
146,2091,22,759,0.37350549976088,1
147,1943,39,602,0.329902213072568,1
148,2088,17,704,0.345306513409962,1
149,1972,21,616,0.323022312373225,1
150,2110,28,624,0.309004739336493,1
151,2041,11,656,0.326800587947085,1
152,1974,34,614,0.328267477203647,1
153,2014,35,708,0.368917576961271,1
154,2455,41,771,0.330753564154786,1
155,2275,34,643,0.297582417582418,1
156,2290,36,752,0.34410480349345,1
157,2223,29,621,0.292397660818713,1
158,2472,36,719,0.30542071197411,1
159,2544,22,685,0.277908805031447,1
160,2543,30,742,0.30357845064884,1
161,2017,28,526,0.274665344571145,1
162,1934,25,600,0.323164426059979,1
163,2219,29,587,0.277602523659306,1
164,2022,17,619,0.314540059347181,1
165,1969,18,598,0.312849162011173,1
166,1885,30,502,0.282228116710875,1
167,2154,28,648,0.313834726090993,1
168,2280,24,478,0.220175438596491,1
169,2471,24,740,0.309186564144071,1
170,2551,46,727,0.303018424147393,1
171,2516,31,700,0.290540540540541,1
172,2489,39,780,0.329047810365609,1
173,1847,20,566,0.317271250676773,1
174,1457,8,445,0.310912834591627,1
175,1842,44,558,0.326818675352877,1
176,2050,15,555,0.278048780487805,1
177,2193,36,638,0.30734154126767,1
178,2020,16,485,0.248019801980198,1
179,1854,21,444,0.250809061488673,1
180,1666,36,378,0.248499399759904,1
181,1001,31,186,0.216783216783217,0
182,2301,43,745,0.342459800086919,1
183,2086,90,513,0.289069990412272,0
184,2780,89,1029,0.402158273381295,1
185,2200,48,646,0.315454545454545,1
186,2057,54,605,0.32036947010209,1
187,1936,28,568,0.307851239669421,1
188,1774,24,558,0.328072153325817,1
189,1772,25,505,0.299097065462754,1
1904,169,0,167,0.988165680473373,0
1905,296,99,166,0.89527027027027,0
1906,314,26,285,0.990445859872611,0
1907,386,142,232,0.968911917098446,0
190,2709,110,941,0.38796603912883,1
191,2805,14,963,0.348306595365419,1
192,2130,107,792,0.42206572769953,1
193,2046,40,695,0.359237536656892,1
194,1616,17,588,0.374381188118812,0
195,1861,30,788,0.439548629768941,0
196,1965,23,539,0.286005089058524,1
197,2516,89,715,0.319554848966614,1
198,2338,30,718,0.319931565440547,1
199,2654,17,791,0.304446119065561,1
200,1863,35,771,0.432635534084809,1
201,2679,23,1112,0.423665546845838,1
202,1797,23,603,0.34835837506956,1
203,2062,39,690,0.353540252182347,1
204,2098,39,775,0.387988560533842,0
205,2514,57,801,0.341288782816229,1
206,2594,42,675,0.276407093292213,1
207,2300,33,739,0.335652173913043,1
208,2596,36,690,0.279661016949153,1
209,2361,31,492,0.221516306649725,1
210,2115,22,570,0.279905437352246,1
211,2531,118,811,0.367048597392335,1
212,1457,62,379,0.30267673301304,1
213,1721,12,533,0.316676350958745,1
214,1809,31,678,0.391929242675511,1
215,2473,61,723,0.317023857662758,1
216,2252,41,674,0.317495559502664,1
217,1985,40,737,0.391435768261965,1
218,1804,153,641,0.440133037694013,1
219,1343,21,528,0.408786299329859,0
220,2447,74,926,0.408663669799755,1
221,1505,29,757,0.522259136212625,1
222,2193,16,1126,0.520747834017328,1
1908,567,0,558,0.984126984126984,0
1909,594,0,586,0.986531986531986,0
1910,234,0,234,1,0
1911,211,0,211,1,0
223,2232,20,868,0.397849462365591,1
224,2212,37,761,0.360759493670886,1
225,2110,21,788,0.383412322274882,1
226,2613,19,816,0.319556065824723,0
227,2207,32,701,0.33212505663797,1
228,1620,20,489,0.314197530864198,1
229,2635,20,992,0.384060721062619,1
230,1999,17,831,0.424212106053027,1
231,2105,33,622,0.311163895486936,1
232,1676,200,442,0.383054892601432,1
233,2778,26,1052,0.388048956083513,1
234,2456,14,933,0.385586319218241,1
235,2633,5,1047,0.399544246107102,1
236,1285,15,263,0.216342412451362,1
237,1288,55,261,0.245341614906832,0
238,2097,57,602,0.314258464473057,0
239,2695,24,626,0.241187384044527,1
240,2229,26,488,0.230596680125617,1
241,2621,20,800,0.31285768790538,1
242,1811,30,404,0.23964660408614,1
243,2589,16,648,0.256469679412901,1
244,2537,153,463,0.242806464327946,1
245,1883,107,550,0.348911311736591,1
246,2449,40,518,0.227848101265823,1
247,1934,23,327,0.180972078593588,1
248,1956,12,415,0.218302658486708,1
249,2508,28,487,0.205342902711324,1
250,1948,19,527,0.280287474332649,1
251,1235,53,368,0.340890688259109,1
252,2550,45,592,0.249803921568627,1
253,2228,194,508,0.31508078994614,1
254,2174,23,507,0.243790248390064,0
255,1912,41,569,0.319037656903766,1
256,1119,18,342,0.32171581769437,1
257,2099,46,878,0.4402096236303,1
258,1955,31,689,0.368286445012788,1
259,1609,30,540,0.354257302672467,1
260,2221,38,643,0.306618640252139,1
261,1884,26,707,0.389065817409766,1
262,1539,19,542,0.364522417153996,1
263,1657,23,618,0.386843693421847,1
264,2456,40,604,0.262214983713355,1
265,1926,76,441,0.268431983385254,1
266,1904,30,607,0.334558823529412,0
267,958,42,286,0.342379958246347,0
268,2889,22,752,0.26791277258567,0
269,1540,33,352,0.25,0
1913,740,57,683,1,0
1914,1233,438,706,0.927818329278183,0
1915,928,701,194,0.964439655172414,0
271,1423,18,435,0.318341531974701,1
272,1675,7,549,0.331940298507463,1
273,1668,18,679,0.417865707434053,1
274,1454,6,530,0.368638239339752,1
275,1467,12,528,0.368098159509202,1
276,863,12,261,0.316338354577057,0
277,1855,4,611,0.331536388140162,1
278,1878,14,603,0.328541001064963,1
1916,31,0,30,0.967741935483871,0
1917,94,0,93,0.98936170212766,0
1918,22,0,22,1,0
280,1922,41,224,0.137877211238293,0
281,1035,81,159,0.231884057971014,0
282,637,10,90,0.156985871271586,0
283,798,6,84,0.112781954887218,1
284,1504,25,297,0.214095744680851,1
285,2133,16,524,0.253164556962025,1
286,1346,9,372,0.283060921248143,1
287,1469,7,340,0.236215112321307,1
288,1120,8,288,0.264285714285714,1
289,1284,17,375,0.305295950155763,1
290,1310,8,264,0.20763358778626,1
291,2115,10,371,0.180141843971631,0
292,1849,139,253,0.212006489994592,1
293,1176,25,321,0.29421768707483,1
294,1434,8,405,0.288005578800558,1
295,1804,23,464,0.269955654101996,1
296,1484,12,402,0.278975741239892,1
297,1934,20,519,0.278697001034126,1
298,1567,37,433,0.299936183790683,1
299,1819,10,514,0.28807036833425,1
300,1887,16,253,0.142554319024907,0
301,676,1,274,0.406804733727811,0
302,1784,25,477,0.281390134529148,1
303,1468,20,403,0.288147138964578,1
304,1566,14,168,0.116219667943806,1
305,2195,50,516,0.257858769931663,1
306,793,13,165,0.224464060529634,1
307,1576,23,389,0.261421319796954,1
308,1389,24,372,0.285097192224622,1
309,2193,23,472,0.225718194254446,1
310,1313,35,348,0.291698400609292,1
311,1618,25,382,0.251545117428925,0
312,857,26,155,0.21120186697783,0
313,1513,22,286,0.203569068076669,0
314,1465,27,293,0.218430034129693,0
315,1894,8,423,0.227560718057022,0
316,1078,13,235,0.230055658627087,1
317,1652,23,253,0.167070217917676,1
318,1312,31,225,0.195121951219512,1
319,1437,29,301,0.22964509394572,1
320,1537,18,275,0.190631099544567,1
321,1861,18,314,0.178398710370768,1
322,1459,28,256,0.194653872515422,1
323,1342,69,243,0.232488822652757,1
324,1072,8,182,0.177238805970149,0
325,1278,12,281,0.229264475743349,1
326,2241,20,636,0.29272646140116,1
327,2263,4,647,0.287671232876712,1
328,2146,176,524,0.32618825722274,0
329,1833,22,316,0.184397163120567,1
330,1371,22,264,0.208606856309263,0
331,2404,19,722,0.308236272878536,1
333,675,17,126,0.211851851851852,1
334,960,13,162,0.182291666666667,0
335,1220,14,249,0.215573770491803,0
336,1488,39,265,0.204301075268817,0
337,817,15,221,0.288861689106487,0
338,1389,7,253,0.187185025197984,1
339,2220,26,422,0.201801801801802,1
340,2431,18,508,0.216371863430687,1
341,2457,33,564,0.242979242979243,1
342,1379,5,236,0.174764321972444,1
343,1658,17,450,0.281664656212304,1
344,1928,23,543,0.29356846473029,1
345,1498,11,269,0.186915887850467,1
346,1340,19,426,0.332089552238806,1
347,1494,20,401,0.281793842034806,1
348,1347,5,366,0.275426874536006,1
349,1913,10,395,0.211709357030842,1
350,1540,6,341,0.225324675324675,1
351,1439,56,412,0.325225851285615,0
352,1912,7,364,0.194037656903766,1
353,1364,8,343,0.25733137829912,1
354,1152,21,356,0.327256944444444,1
355,2185,20,574,0.271853546910755,1
356,1845,23,458,0.26070460704607,1
357,1803,25,445,0.260676650027732,1
358,1051,13,322,0.318744053282588,1
359,2492,18,629,0.259630818619583,1
360,2026,43,430,0.233464955577493,1
361,1307,11,257,0.205049732211171,0
362,2665,16,525,0.203001876172608,1
363,2216,5,620,0.282039711191336,1
364,2304,21,569,0.256076388888889,1
365,2682,1,603,0.225205070842655,1
366,2568,19,513,0.207165109034268,1
367,1920,18,561,0.3015625,1
368,1414,21,396,0.294908062234795,1
369,2160,18,627,0.298611111111111,1
370,1460,14,421,0.297945205479452,1
371,2244,10,615,0.278520499108734,1
372,2372,11,668,0.286256323777403,1
373,2671,11,580,0.221265443654062,1
374,3040,16,670,0.225657894736842,1
375,2395,13,633,0.26972860125261,1
376,1703,27,431,0.268937169700528,0
377,1078,12,316,0.304267161410019,0
378,1422,27,466,0.346694796061885,0
379,2112,3,605,0.287878787878788,1
632,602,146,228,0.621262458471761,0
633,713,72,304,0.527349228611501,0
634,363,1,128,0.355371900826446,0
635,2421,74,533,0.250722841800909,1
636,443,9,95,0.234762979683973,0
637,1293,96,640,0.569218870843001,0
638,847,13,297,0.365997638724911,0
639,441,21,174,0.442176870748299,0
640,806,30,390,0.521091811414392,0
641,1583,46,666,0.449778900821226,1
642,279,2,103,0.376344086021505,0
643,1873,42,638,0.363053924185798,1
644,539,11,145,0.289424860853432,0
645,1767,16,470,0.275042444821732,0
646,425,17,85,0.24,0
647,440,0,85,0.193181818181818,0
648,1195,63,330,0.328870292887029,0
649,370,1,65,0.178378378378378,0
650,361,7,46,0.146814404432133,0
651,2434,14,481,0.203368940016434,1
652,2070,17,530,0.264251207729469,1
653,2534,49,552,0.237174427782163,1
654,1058,46,362,0.385633270321361,0
655,1015,19,424,0.436453201970443,0
656,183,1,56,0.311475409836066,0
657,208,14,69,0.399038461538462,0
658,271,9,136,0.535055350553506,0
659,191,6,99,0.549738219895288,0
660,919,73,362,0.473340587595212,0
664,1243,24,566,0.474658085277554,1
665,1324,19,633,0.492447129909366,1
666,1152,37,546,0.506076388888889,1
667,1136,18,526,0.47887323943662,1
668,1231,46,435,0.390739236393176,0
669,1313,59,454,0.390708301599391,1
670,1270,33,554,0.462204724409449,1
671,1244,48,477,0.422025723472669,1
672,2662,125,1150,0.478963185574756,1
673,1296,65,512,0.445216049382716,1
674,430,40,195,0.546511627906977,0
675,1055,40,377,0.395260663507109,1
676,1141,33,463,0.434706397896582,0
677,587,31,217,0.422487223168654,0
678,347,11,136,0.423631123919308,0
679,335,20,117,0.408955223880597,0
680,77,4,43,0.61038961038961,0
681,421,17,185,0.479809976247031,0
682,458,10,191,0.438864628820961,0
683,246,17,115,0.536585365853659,0
684,773,65,260,0.420439844760673,0
685,358,16,284,0.837988826815642,0
686,792,63,292,0.448232323232323,0
687,710,42,343,0.542253521126761,0
688,255,11,133,0.564705882352941,0
689,457,61,248,0.676148796498906,0
690,233,3,134,0.587982832618026,0
693,240,16,138,0.641666666666667,0
694,454,18,168,0.409691629955947,0
695,430,17,229,0.572093023255814,0
696,116,5,58,0.543103448275862,0
697,632,18,298,0.5,0
698,188,15,110,0.664893617021277,0
699,136,9,64,0.536764705882353,0
700,125,13,58,0.568,0
701,612,33,276,0.504901960784314,0
702,1012,43,363,0.401185770750988,1
703,996,44,381,0.426706827309237,1
704,1381,44,493,0.388848660391021,1
705,196,30,80,0.561224489795918,0
706,379,9,169,0.469656992084433,0
707,211,13,110,0.582938388625592,0
708,585,36,241,0.473504273504273,0
709,103,7,47,0.524271844660194,0
710,827,68,292,0.435308343409915,0
713,827,112,318,0.519951632406288,0
714,380,35,179,0.563157894736842,0
715,839,33,254,0.34207389749702,1
716,996,23,379,0.403614457831325,1
717,1056,36,399,0.411931818181818,1
718,665,24,215,0.359398496240601,0
719,756,68,258,0.431216931216931,1
720,1010,63,352,0.410891089108911,1
721,923,72,261,0.360780065005417,0
722,215,22,131,0.711627906976744,0
724,1806,47,583,0.348837209302326,1
725,2198,56,782,0.381255686988171,1
726,2063,49,689,0.357731459040233,1
727,1721,20,629,0.377106333527019,1
728,114,0,52,0.456140350877193,0
729,477,8,175,0.383647798742138,0
730,974,33,342,0.385010266940452,0
731,263,18,96,0.433460076045627,0
732,677,44,382,0.629246676514033,0
733,844,57,401,0.542654028436019,0
734,662,54,207,0.394259818731118,0
735,264,19,123,0.537878787878788,0
736,325,14,141,0.476923076923077,0
737,435,29,217,0.56551724137931,0
738,387,28,189,0.560723514211886,0
739,702,57,307,0.518518518518518,0
740,721,49,358,0.564493758668516,0
741,84,11,51,0.738095238095238,0
743,263,34,114,0.562737642585551,0
744,160,15,69,0.525,0
745,599,50,252,0.504173622704507,0
746,432,50,173,0.516203703703704,0
747,1060,131,258,0.366981132075472,1
748,454,28,101,0.284140969162996,0
749,2011,104,572,0.336151168572849,1
750,2642,69,826,0.338758516275549,1
751,559,76,188,0.472271914132379,0
752,244,38,95,0.545081967213115,0
753,1416,120,403,0.369350282485876,1
754,753,56,213,0.357237715803453,0
756,190,17,122,0.731578947368421,0
757,2307,132,834,0.418725617685306,1
758,1114,89,412,0.449730700179533,0
759,310,14,157,0.551612903225806,0
760,724,135,232,0.506906077348066,0
761,256,11,123,0.5234375,0
763,1908,126,685,0.425052410901468,1
764,2128,120,984,0.518796992481203,1
765,1650,72,635,0.428484848484848,1
766,132,10,85,0.71969696969697,0
767,729,41,377,0.573388203017833,0
768,458,86,187,0.596069868995633,0
769,899,88,415,0.559510567296997,1
770,291,11,184,0.670103092783505,0
771,1027,89,394,0.470301850048685,1
772,1352,81,627,0.523668639053254,0
773,854,119,334,0.530444964871194,0
774,590,68,432,0.847457627118644,0
775,451,27,237,0.585365853658537,0
776,1508,76,642,0.476127320954907,1
777,1076,62,384,0.414498141263941,1
779,323,25,128,0.473684210526316,0
780,151,7,79,0.56953642384106,0
781,580,45,273,0.548275862068966,0
782,48,1,28,0.604166666666667,0
783,136,5,60,0.477941176470588,0
784,533,49,169,0.409005628517824,0
785,1133,31,366,0.350397175639894,1
786,1177,31,393,0.360237892948173,1
787,1574,59,457,0.327827191867853,1
788,1604,29,419,0.27930174563591,0
789,409,7,120,0.310513447432763,0
790,191,7,85,0.481675392670157,0
791,476,27,156,0.384453781512605,0
792,713,29,259,0.403927068723703,0
793,139,9,75,0.60431654676259,0
794,363,19,155,0.479338842975207,1
795,177,4,78,0.463276836158192,0
796,822,126,207,0.405109489051095,0
797,113,17,42,0.52212389380531,0
798,110,8,49,0.518181818181818,0
799,713,46,318,0.510518934081346,0
801,384,32,195,0.591145833333333,0
802,543,28,269,0.546961325966851,0
803,273,16,135,0.553113553113553,0
804,387,28,283,0.803617571059432,0
805,282,16,203,0.776595744680851,0
806,175,16,102,0.674285714285714,0
807,97,4,73,0.793814432989691,0
808,374,46,223,0.719251336898396,0
809,469,29,278,0.654584221748401,0
810,1106,100,383,0.436708860759494,1
811,231,20,103,0.532467532467532,0
812,121,8,74,0.677685950413223,0
813,40,2,38,1,0
814,408,37,188,0.551470588235294,1
815,322,4,245,0.773291925465838,0
816,63,0,43,0.682539682539683,0
817,63,0,52,0.825396825396825,0
818,515,24,298,0.625242718446602,0
819,102,3,58,0.598039215686274,0
820,101,0,65,0.643564356435644,0
821,82,10,57,0.817073170731707,0
822,509,32,235,0.524557956777996,1
823,163,5,98,0.631901840490798,0
824,634,43,330,0.588328075709779,1
825,45,0,31,0.688888888888889,0
826,75,5,58,0.84,0
827,119,12,85,0.815126050420168,0
828,415,73,291,0.87710843373494,0
829,413,31,242,0.661016949152542,0
830,116,7,70,0.663793103448276,0
831,225,14,135,0.662222222222222,0
832,913,13,542,0.607886089813801,0
833,314,60,212,0.866242038216561,0
834,864,154,311,0.538194444444444,1
835,831,57,544,0.723225030084236,0
836,330,5,139,0.436363636363636,0
837,270,10,136,0.540740740740741,0
838,280,0,127,0.453571428571429,0
839,130,6,100,0.815384615384615,0
381,1898,101,556,0.346153846153846,1
382,1830,41,597,0.348633879781421,1
383,1763,29,537,0.321043675553035,1
384,1811,27,653,0.37548315847598,1
385,1957,40,656,0.355646397547266,1
386,1794,39,435,0.264214046822742,1
387,2233,45,688,0.328257948947604,1
388,1613,28,512,0.334779913205208,1
389,1806,23,573,0.330011074197121,1
390,1773,23,577,0.338409475465313,1
391,1823,42,545,0.321996708721887,1
392,1712,31,516,0.319509345794392,1
393,1801,32,517,0.304830649639089,1
394,1692,32,541,0.338652482269504,1
395,1638,83,391,0.289377289377289,1
396,2062,74,553,0.304073714839961,1
397,1812,80,461,0.298565121412804,1
398,1919,68,502,0.297029702970297,1
399,2705,120,749,0.321256931608133,1
400,1024,50,301,0.3427734375,1
841,1569,62,835,0.5717017208413,1
842,224,6,130,0.607142857142857,0
843,967,24,376,0.413650465356774,1
844,173,5,64,0.398843930635838,0
845,88,0,56,0.636363636363636,0
846,138,0,64,0.463768115942029,0
847,574,34,261,0.513937282229965,0
848,82,2,32,0.414634146341463,0
849,243,28,84,0.460905349794239,0
850,100,0,50,0.5,0
851,107,2,37,0.364485981308411,0
852,670,72,257,0.491044776119403,0
853,961,29,326,0.369406867845994,1
854,64,0,39,0.609375,0
855,708,30,256,0.403954802259887,0
856,553,25,235,0.470162748643761,1
857,230,8,103,0.482608695652174,0
858,156,3,86,0.57051282051282,0
859,1121,29,316,0.307760927743087,1
860,2166,61,646,0.326408125577101,1
861,978,41,342,0.39161554192229,1
862,2235,58,716,0.346308724832215,1
863,2065,80,627,0.342372881355932,1
870,1869,135,549,0.365971107544141,1
871,2747,108,976,0.394612304331999,1
872,247,19,56,0.303643724696356,0
873,182,8,80,0.483516483516484,0
874,1005,46,285,0.329353233830846,1
875,1512,43,356,0.263888888888889,1
876,813,27,358,0.473554735547355,1
877,1371,70,609,0.49525893508388,1
878,292,7,90,0.332191780821918,0
879,334,6,92,0.293413173652695,0
880,2466,60,659,0.291565287915653,1
881,1447,61,491,0.381478921907395,1
882,898,43,238,0.312917594654788,1
884,477,36,176,0.444444444444444,0
885,819,47,293,0.415140415140415,0
886,562,40,140,0.320284697508897,0
887,834,24,254,0.333333333333333,0
888,181,28,83,0.613259668508287,0
889,844,25,191,0.255924170616114,0
890,1050,24,329,0.336190476190476,1
891,348,26,57,0.238505747126437,0
892,312,24,104,0.41025641025641,0
893,156,4,82,0.551282051282051,0
894,792,29,299,0.414141414141414,0
895,538,29,155,0.342007434944238,0
896,554,76,167,0.438628158844765,0
897,403,18,145,0.404466501240695,0
898,709,25,245,0.380818053596615,0
899,173,11,33,0.254335260115607,0
900,485,33,172,0.422680412371134,0
901,965,25,338,0.376165803108808,0
902,1154,41,377,0.362218370883882,1
402,1110,31,217,0.223423423423423,0
403,1453,92,292,0.264280798348245,1
404,808,33,133,0.205445544554455,0
405,1516,24,339,0.239445910290237,0
406,1258,17,339,0.282988871224165,1
407,1472,52,447,0.338994565217391,1
408,1381,43,480,0.378711078928313,1
409,1403,49,523,0.407697790449038,1
410,1383,23,340,0.262472885032538,1
411,1587,29,437,0.293635790800252,1
412,1416,37,349,0.272598870056497,1
413,1433,36,350,0.269364968597348,1
414,750,3,295,0.397333333333333,0
415,1534,37,557,0.38722294654498,1
416,1381,46,385,0.312092686459088,1
417,1345,33,359,0.291449814126394,1
418,1618,15,345,0.222496909765142,0
419,1429,59,559,0.432470258922323,0
420,1650,31,433,0.281212121212121,0
421,1541,26,406,0.280337443218689,0
422,531,20,188,0.391713747645951,0
423,722,9,235,0.337950138504155,0
424,629,11,130,0.224165341812401,0
425,284,4,50,0.190140845070423,0
906,654,40,246,0.437308868501529,0
907,57,3,34,0.649122807017544,0
908,338,20,172,0.568047337278107,0
909,54,5,28,0.611111111111111,0
910,641,26,251,0.43213728549142,0
911,248,10,76,0.346774193548387,0
912,58,8,26,0.586206896551724,0
913,62,6,35,0.661290322580645,0
914,574,32,234,0.463414634146341,0
915,199,34,81,0.577889447236181,0
916,78,5,42,0.602564102564103,0
917,572,36,203,0.417832167832168,0
918,59,4,28,0.542372881355932,0
919,56,20,10,0.535714285714286,0
920,724,66,328,0.544198895027624,0
921,107,14,49,0.588785046728972,0
922,276,20,111,0.47463768115942,0
923,1016,52,319,0.365157480314961,0
924,595,38,271,0.519327731092437,0
925,143,8,61,0.482517482517482,0
926,233,11,134,0.622317596566524,0
927,71,2,36,0.535211267605634,0
928,925,44,287,0.357837837837838,0
929,471,25,193,0.462845010615711,0
930,99,6,36,0.424242424242424,0
931,404,40,195,0.581683168316832,0
933,2306,81,743,0.357328707718994,1
934,2445,166,804,0.396728016359918,1
935,2211,78,733,0.366802351876979,1
936,970,141,404,0.561855670103093,1
937,1257,127,794,0.732696897374702,1
938,900,44,357,0.445555555555556,0
939,170,12,98,0.647058823529412,0
940,514,63,405,0.910505836575875,0
941,640,166,382,0.85625,0
942,78,14,56,0.897435897435897,0
943,369,31,269,0.813008130081301,0
944,83,12,59,0.855421686746988,0
945,194,17,148,0.850515463917526,0
946,402,29,272,0.748756218905473,0
947,704,68,434,0.713068181818182,0
948,384,26,290,0.822916666666667,0
951,736,29,230,0.351902173913043,0
952,2656,122,908,0.387801204819277,1
953,913,95,292,0.423877327491785,0
954,224,11,87,0.4375,0
955,1977,34,611,0.326251896813354,1
956,1384,28,328,0.257225433526012,1
957,597,28,183,0.353433835845896,0
958,128,8,43,0.3984375,0
959,558,24,235,0.46415770609319,0
960,727,46,249,0.405777166437414,0
961,235,10,95,0.446808510638298,0
962,190,7,81,0.463157894736842,0
963,206,13,81,0.456310679611651,0
964,762,37,359,0.519685039370079,0
965,149,11,102,0.758389261744966,0
966,158,6,59,0.411392405063291,0
967,139,4,50,0.388489208633094,0
968,669,64,293,0.533632286995516,0
969,85,6,51,0.670588235294118,0
970,350,17,130,0.42,0
971,66,11,34,0.681818181818182,0
972,193,3,68,0.367875647668394,0
973,405,16,161,0.437037037037037,0
974,365,3,109,0.306849315068493,0
975,451,49,157,0.456762749445676,0
977,938,49,338,0.412579957356077,0
978,856,47,393,0.514018691588785,0
979,506,22,224,0.486166007905138,0
980,89,0,39,0.438202247191011,0
981,239,17,87,0.435146443514644,0
982,110,9,59,0.618181818181818,0
983,2388,83,802,0.370603015075377,1
984,957,40,306,0.361546499477534,0
985,840,35,262,0.353571428571429,0
986,828,41,297,0.408212560386473,0
987,93,2,40,0.451612903225806,0
988,599,58,308,0.6110183639399,0
989,130,9,57,0.507692307692308,0
990,244,7,119,0.516393442622951,0
991,152,5,100,0.690789473684211,0
992,73,4,42,0.63013698630137,0
993,584,47,213,0.445205479452055,0
994,197,7,94,0.512690355329949,0
995,761,24,287,0.408672798948752,0
996,322,13,138,0.468944099378882,0
997,101,0,70,0.693069306930693,0
998,240,35,93,0.533333333333333,0
999,616,61,223,0.461038961038961,0
1000,186,9,106,0.618279569892473,0
1001,100,8,55,0.63,0
1002,75,2,35,0.493333333333333,0
1003,103,6,54,0.58252427184466,0
1008,1440,86,533,0.429861111111111,1
1009,1386,89,435,0.378066378066378,1
1010,1393,101,471,0.410624551328069,1
1011,459,66,127,0.420479302832244,0
1012,469,68,195,0.560767590618337,0
1013,219,12,143,0.707762557077626,0
1014,993,86,394,0.483383685800604,1
1015,195,19,83,0.523076923076923,0
1016,947,133,322,0.480464625131996,1
1017,1046,111,417,0.504780114722753,1
1018,517,70,228,0.576402321083172,0
1019,519,79,206,0.549132947976879,0
1020,948,99,529,0.662447257383966,0
1021,716,65,296,0.504189944134078,0
1022,1303,133,508,0.491941673062164,1
1023,522,60,191,0.480842911877395,0
1024,286,21,139,0.559440559440559,0
1025,450,92,233,0.722222222222222,0
1026,111,11,66,0.693693693693694,0
1028,58,3,36,0.672413793103448,0
1029,280,14,156,0.607142857142857,0
1030,486,67,251,0.654320987654321,0
1031,1018,116,295,0.403732809430255,1
1032,1026,120,272,0.382066276803119,0
1033,530,21,196,0.409433962264151,0
1034,128,18,36,0.421875,0
1035,149,0,71,0.476510067114094,0
1036,1549,102,520,0.401549386701097,1
1037,1468,60,466,0.358310626702997,1
1038,419,38,149,0.446300715990453,0
1039,169,8,50,0.343195266272189,0
1040,310,36,105,0.454838709677419,0
1041,766,70,316,0.503916449086162,0
1044,2583,347,867,0.469996128532714,1
1045,879,18,448,0.530147895335609,0
1046,1401,93,951,0.745182012847966,1
1047,2104,147,691,0.39828897338403,1
1048,1192,49,815,0.724832214765101,1
1049,991,62,325,0.390514631685166,1
1050,1572,74,699,0.491730279898219,1
1051,875,31,618,0.741714285714286,0
1052,669,79,367,0.666666666666667,0
1053,176,13,131,0.818181818181818,0
1054,176,10,128,0.784090909090909,0
1055,298,12,216,0.76510067114094,0
1056,227,7,174,0.797356828193833,0
1057,958,35,592,0.654488517745303,0
1058,190,5,152,0.826315789473684,0
1059,250,19,170,0.756,0
1060,451,22,362,0.851441241685144,0
1061,620,28,379,0.656451612903226,0
1062,308,45,186,0.75,0
1063,406,46,157,0.5,0
1064,170,9,135,0.847058823529412,0
1065,157,10,121,0.834394904458599,0
1066,271,17,239,0.944649446494465,0
1067,179,6,173,1,0
1073,60,11,29,0.666666666666667,0
1074,112,2,50,0.464285714285714,0
1075,1011,58,315,0.368941641938675,1
1076,281,15,91,0.377224199288256,0
1077,145,4,57,0.420689655172414,0
1078,728,29,221,0.343406593406593,0
1079,682,45,247,0.428152492668622,0
1080,155,14,59,0.470967741935484,0
1081,425,32,166,0.465882352941176,0
1082,408,30,185,0.526960784313726,0
1083,705,36,198,0.331914893617021,0
1084,101,0,33,0.326732673267327,0
1085,2078,85,732,0.393166506256015,1
1086,1112,58,306,0.327338129496403,1
1087,513,72,243,0.614035087719298,0
1089,783,63,290,0.450830140485313,1
1090,67,8,49,0.850746268656716,0
1091,180,11,149,0.888888888888889,0
1092,1693,54,570,0.368576491435322,1
1093,1367,124,446,0.41697147037308,1
1094,259,17,163,0.694980694980695,0
1095,112,6,76,0.732142857142857,0
1096,168,17,103,0.714285714285714,0
1097,111,5,81,0.774774774774775,0
1098,432,77,223,0.694444444444444,0
1099,525,116,150,0.506666666666667,1
1100,255,32,62,0.368627450980392,0
1101,408,58,135,0.473039215686274,0
1102,378,32,165,0.521164021164021,0
1103,901,42,421,0.513873473917869,1
1104,175,20,101,0.691428571428571,0
1105,527,54,191,0.464895635673624,0
1106,429,45,214,0.603729603729604,1
1107,348,17,178,0.560344827586207,1
1108,133,24,60,0.631578947368421,0
1109,499,30,244,0.549098196392786,0
1110,184,15,113,0.695652173913043,0
1111,101,8,61,0.683168316831683,0
1112,192,9,96,0.546875,0
1115,1803,64,523,0.325568496949529,1
1116,1984,85,605,0.347782258064516,1
1117,1000,29,290,0.319,1
1118,1053,39,266,0.289648622981956,1
1119,876,36,217,0.288812785388128,0
1120,1524,44,399,0.290682414698163,1
1121,351,21,138,0.452991452991453,0
1122,1252,102,320,0.337060702875399,1
1123,836,54,365,0.501196172248804,0
1124,778,54,295,0.448586118251928,0
1125,470,20,205,0.478723404255319,0
1126,497,28,215,0.488933601609658,0
1127,1312,117,458,0.438262195121951,1
1128,117,4,58,0.52991452991453,0
1129,443,12,177,0.426636568848758,0
1130,377,30,173,0.538461538461538,0
1131,647,41,237,0.42967542503864,0
1132,687,100,260,0.524017467248908,0
1133,329,35,175,0.638297872340426,0
1134,862,100,283,0.444315545243619,0
1135,646,51,351,0.622291021671827,0
1136,583,20,287,0.526586620926244,0
1137,413,20,185,0.49636803874092,0
1138,545,43,200,0.445871559633028,0
1139,767,59,343,0.524119947848761,0
1141,666,71,267,0.507507507507508,0
1142,503,33,225,0.512922465208748,0
1143,258,15,102,0.453488372093023,0
1144,527,41,133,0.330170777988615,0
1145,959,82,329,0.428571428571429,0
1146,732,53,306,0.490437158469945,0
1147,701,45,322,0.523537803138374,0
1148,925,46,404,0.486486486486487,0
1149,1591,74,561,0.399120050282841,0
1150,1289,58,456,0.398758727695888,1
1151,1019,30,377,0.399411187438665,1
1152,1268,69,502,0.450315457413249,0
1153,1362,12,476,0.358296622613803,0
1154,916,40,309,0.381004366812227,0
1155,648,28,280,0.475308641975309,0
1156,867,68,400,0.539792387543253,1
1157,745,84,379,0.621476510067114,0
1158,470,25,257,0.6,0
1159,568,24,277,0.529929577464789,0
1160,205,18,91,0.531707317073171,0
1161,271,14,179,0.712177121771218,0
1162,685,37,264,0.439416058394161,0
1164,599,7,93,0.1669449081803,0
1165,2125,41,615,0.308705882352941,1
1166,1724,18,623,0.371809744779582,1
1167,1632,73,549,0.381127450980392,1
1168,1571,23,581,0.384468491406747,1
1169,1665,24,526,0.33033033033033,1
1170,1630,46,434,0.294478527607362,1
1171,1791,30,502,0.297040759352317,1
1172,413,17,158,0.423728813559322,0
1173,692,20,287,0.44364161849711,0
1174,355,35,161,0.552112676056338,0
1175,809,17,246,0.325092707045735,0
1176,828,18,241,0.31280193236715,0
1177,182,11,67,0.428571428571429,0
1179,261,5,97,0.390804597701149,0
1180,1354,26,616,0.474150664697194,1
1181,1034,17,508,0.507736943907157,1
1182,1010,13,390,0.399009900990099,1
1183,405,7,174,0.446913580246914,0
1184,141,3,62,0.460992907801418,0
1185,1187,32,471,0.423757371524853,1
1186,810,13,326,0.418518518518519,0
1187,1205,34,372,0.336929460580913,1
1188,1535,11,663,0.439087947882736,1
1189,917,21,257,0.303162486368593,0
1190,810,18,272,0.358024691358025,0
1191,902,21,342,0.402439024390244,0
1192,911,22,389,0.451152579582876,0
1194,985,48,314,0.36751269035533,1
1195,2476,55,909,0.389337641357027,1
1196,511,43,218,0.510763209393346,0
1197,276,10,144,0.557971014492754,0
1198,82,4,44,0.585365853658537,0
1199,44,4,34,0.863636363636364,0
1200,94,0,58,0.617021276595745,0
1201,290,19,124,0.493103448275862,0
1202,94,5,54,0.627659574468085,0
1203,321,45,115,0.498442367601246,0
1204,642,28,297,0.506230529595016,0
1205,558,33,223,0.458781362007168,0
1206,748,126,264,0.521390374331551,0
1207,81,0,58,0.716049382716049,0
1208,411,34,180,0.520681265206813,0
1209,88,6,51,0.647727272727273,0
427,1765,39,458,0.281586402266289,1
428,2668,61,659,0.269865067466267,1
429,2472,45,601,0.261326860841424,1
430,2604,55,750,0.309139784946237,1
431,2447,113,666,0.318348998774009,1
432,1501,19,659,0.451698867421719,1
433,1755,36,607,0.366381766381766,1
434,1181,28,352,0.321761219305673,1
435,1173,40,334,0.318840579710145,1
436,933,20,150,0.182207931404073,1
437,2630,9,968,0.37148288973384,1
438,2454,32,998,0.419722901385493,1
439,2337,32,874,0.387676508344031,1
440,1612,45,435,0.297766749379653,1
441,2340,35,794,0.354273504273504,1
442,2490,52,932,0.395180722891566,1
443,1445,12,470,0.33356401384083,1
444,1722,30,582,0.355400696864112,1
445,2579,20,891,0.353237689026755,1
446,1367,12,469,0.351865398683248,1
447,1405,10,406,0.296085409252669,1
448,2541,55,897,0.37465564738292,1
449,1124,23,332,0.315836298932384,1
450,1648,28,614,0.389563106796116,1
451,1740,67,394,0.264942528735632,1
452,2654,44,675,0.270911831198191,1
453,2403,77,566,0.267582188930504,1
454,2754,29,672,0.254538852578068,1
455,1146,2,361,0.316753926701571,1
456,1104,8,397,0.366847826086957,1
1211,1828,73,827,0.492341356673961,1
1212,1729,46,681,0.420474262579526,1
1213,2099,97,700,0.379704621248213,1
1214,1513,140,535,0.446133509583609,1
1215,1462,54,619,0.460328317373461,1
1216,1747,86,642,0.416714367487121,1
1217,1586,46,518,0.355611601513241,0
1218,283,14,149,0.575971731448763,0
1219,637,40,300,0.533751962323391,0
1220,217,11,79,0.414746543778802,0
1221,719,67,356,0.588317107093185,0
1222,735,57,384,0.6,1
1223,816,66,300,0.448529411764706,0
1224,661,34,285,0.482602118003026,1
1225,120,8,74,0.683333333333333,0
1226,102,3,55,0.568627450980392,0
1227,226,20,73,0.411504424778761,0
1228,1101,202,331,0.484105358764759,1
1229,193,11,104,0.595854922279793,0
1230,1339,37,444,0.359223300970874,0
1231,1635,44,618,0.404892966360856,0
1232,814,45,170,0.264127764127764,1
1233,1066,56,392,0.420262664165103,1
1234,325,18,138,0.48,0
1235,2660,46,980,0.385714285714286,1
1236,1763,66,769,0.473624503686897,1
1237,371,13,193,0.555256064690027,0
1238,191,7,114,0.633507853403141,0
1239,1367,44,534,0.422823701536211,1
1240,2105,90,864,0.453206650831354,0
1241,543,41,240,0.517495395948435,0
1242,165,5,84,0.539393939393939,0
1243,963,33,499,0.552440290758048,0
1244,200,12,94,0.53,0
1249,2520,134,820,0.378571428571429,1
1250,1423,122,459,0.408292340126493,1
1251,615,34,226,0.422764227642276,0
1252,74,1,35,0.486486486486487,0
1253,295,17,138,0.525423728813559,0
1254,178,6,107,0.634831460674157,0
1255,653,71,236,0.470137825421133,0
1256,312,40,93,0.426282051282051,0
1257,265,43,97,0.528301886792453,0
1258,237,27,109,0.573839662447257,0
1259,481,46,235,0.584199584199584,0
1260,206,28,84,0.543689320388349,0
1261,857,34,328,0.422403733955659,1
1262,421,64,144,0.494061757719715,0
1263,119,11,39,0.420168067226891,0
1264,140,10,68,0.557142857142857,0
1265,342,45,154,0.58187134502924,0
1266,99,4,68,0.727272727272727,0
1267,346,49,192,0.696531791907514,0
1268,250,49,128,0.708,0
1270,610,52,292,0.563934426229508,0
1271,92,8,49,0.619565217391304,0
1272,814,96,255,0.431203931203931,0
1273,1114,42,487,0.474865350089767,1
1274,223,12,89,0.452914798206278,0
1275,174,4,75,0.454022988505747,0
1276,2107,118,700,0.388229710488847,1
1277,1659,104,410,0.309825195901145,1
1278,161,8,74,0.509316770186335,0
1279,218,33,79,0.513761467889908,0
1280,167,0,89,0.532934131736527,0
1281,392,32,165,0.502551020408163,1
1282,152,8,59,0.440789473684211,0
1283,306,11,119,0.42483660130719,0
1284,56,0,26,0.464285714285714,0
1285,2337,101,519,0.265297389816003,0
1286,2676,58,805,0.322496263079223,1
1287,2430,148,548,0.28641975308642,1
1288,667,15,163,0.266866566716642,0
1289,2816,25,743,0.272727272727273,1
1290,622,7,148,0.2491961414791,0
1291,332,4,100,0.313253012048193,0
1292,996,45,344,0.390562248995984,0
1293,1158,36,458,0.426597582037997,0
1294,115,2,34,0.31304347826087,0
1295,1324,19,428,0.33761329305136,1
1296,295,9,109,0.4,0
1297,271,7,113,0.44280442804428,0
1298,269,11,55,0.245353159851301,0
1299,969,48,301,0.360165118679051,0
1300,131,6,46,0.396946564885496,0
1301,499,4,232,0.472945891783567,0
1302,1541,73,478,0.357560025957171,1
1303,2865,41,888,0.324258289703316,1
1304,2335,27,558,0.250535331905782,1
1305,364,10,151,0.442307692307692,0
1306,2345,69,735,0.342857142857143,1
1307,1152,24,351,0.325520833333333,1
1308,1316,20,385,0.307750759878419,1
1309,1354,38,354,0.289512555391433,0
1310,506,20,130,0.296442687747036,0
1311,367,31,209,0.653950953678474,0
1316,1101,57,467,0.475930971843778,1
1317,1183,64,492,0.469991546914624,1
1318,1255,57,435,0.39203187250996,1
1319,1150,55,613,0.580869565217391,1
1320,674,69,324,0.583086053412463,0
1321,636,50,279,0.517295597484277,0
1322,671,52,346,0.593144560357675,0
1323,2150,236,720,0.444651162790698,1
1324,498,45,234,0.560240963855422,0
1327,1988,98,577,0.33953722334004,1
1328,2163,68,586,0.302357836338419,1
1329,1331,36,516,0.414725770097671,1
1330,2443,77,599,0.276708964388047,1
1331,2065,59,605,0.321549636803874,1
1332,1059,64,489,0.52219074598678,0
1333,289,26,137,0.56401384083045,0
1334,997,46,371,0.418254764292879,0
1335,911,29,443,0.518111964873765,0
1336,111,17,46,0.567567567567568,0
1337,561,46,280,0.581105169340463,0
1338,626,52,288,0.543130990415335,0
1339,101,6,53,0.584158415841584,0
1340,580,51,280,0.570689655172414,0
1341,1236,56,467,0.423139158576052,0
1342,580,36,281,0.546551724137931,0
1343,314,39,154,0.614649681528662,0
1344,970,115,389,0.519587628865979,1
1345,442,21,207,0.515837104072398,0
1346,267,29,109,0.51685393258427,0
1348,1526,49,476,0.344036697247706,1
1349,2477,67,862,0.375050464271296,1
1350,1734,41,482,0.30161476355248,1
1351,535,20,158,0.332710280373832,0
1352,661,25,150,0.264750378214826,0
1353,1179,118,357,0.402883799830365,1
1354,575,64,172,0.410434782608696,0
1355,719,63,299,0.503477051460362,0
1356,422,47,163,0.497630331753554,0
1357,414,40,242,0.681159420289855,0
1358,91,10,63,0.802197802197802,0
1359,166,4,82,0.518072289156627,0
1360,658,118,177,0.448328267477204,0
1361,908,82,323,0.446035242290749,0
1362,258,22,61,0.321705426356589,0
1363,709,26,232,0.363892806770099,0
1364,275,18,130,0.538181818181818,0
1365,311,12,155,0.536977491961415,0
1366,724,77,178,0.352209944751381,0
1367,675,50,232,0.417777777777778,0
1368,73,3,64,0.917808219178082,0
1369,1861,166,562,0.391187533584095,1
1370,980,97,331,0.436734693877551,0
1371,525,19,227,0.468571428571429,0
1372,456,47,171,0.478070175438596,0
1374,363,30,272,0.831955922865014,0
1375,285,18,200,0.764912280701754,0
1376,106,9,78,0.820754716981132,0
1377,611,54,461,0.842880523731588,0
1378,1225,104,559,0.541224489795918,1
1379,219,35,131,0.757990867579909,0
1380,617,53,318,0.60129659643436,0
1381,109,9,70,0.724770642201835,0
1382,551,27,359,0.7005444646098,0
1383,264,62,127,0.715909090909091,0
1384,1607,155,813,0.602364654635968,0
1385,1501,122,720,0.560959360426382,1
1386,1689,144,700,0.499703966844287,1
1387,1446,141,732,0.603734439834025,0
1388,650,117,344,0.709230769230769,0
1389,987,81,552,0.641337386018237,0
1390,352,41,192,0.661931818181818,0
1391,231,11,132,0.619047619047619,0
1392,186,10,133,0.768817204301075,0
1393,483,53,395,0.927536231884058,0
1394,489,38,324,0.740286298568507,0
1397,711,62,305,0.516174402250352,0
1398,304,19,204,0.733552631578947,0
1399,667,96,333,0.643178410794603,0
1400,358,25,176,0.56145251396648,0
1401,641,57,247,0.474258970358814,0
1402,355,14,187,0.566197183098592,0
1403,234,20,86,0.452991452991453,0
1404,115,14,65,0.68695652173913,0
1405,181,17,84,0.558011049723757,0
1406,287,22,153,0.609756097560976,0
1407,1627,53,552,0.371850030731407,1
1408,1563,46,600,0.413307741522713,1
1409,1277,39,505,0.425998433829287,1
1410,993,74,433,0.510574018126888,0
1411,624,28,237,0.424679487179487,0
1413,392,96,124,0.561224489795918,0
1414,1467,126,512,0.434901158827539,1
1415,430,32,201,0.541860465116279,0
1416,627,75,185,0.414673046251994,0
1417,374,60,156,0.577540106951872,0
1418,430,75,201,0.641860465116279,0
1419,2416,147,677,0.341059602649007,1
1420,1214,121,309,0.354200988467875,1
1421,420,38,211,0.592857142857143,0
1422,770,109,297,0.527272727272727,0
1423,732,14,348,0.494535519125683,0
1424,318,17,159,0.553459119496855,0
1425,879,101,269,0.420932878270762,0
1426,828,151,329,0.579710144927536,0
1427,274,15,139,0.562043795620438,0
1428,544,82,340,0.775735294117647,0
1429,828,88,274,0.43719806763285,0
1430,796,41,349,0.489949748743719,0
1431,843,85,335,0.498220640569395,0
1432,351,22,139,0.458689458689459,0
1433,352,25,138,0.463068181818182,0
1434,250,10,143,0.612,0
1435,782,86,352,0.560102301790281,0
1436,715,76,255,0.462937062937063,0
1437,461,24,230,0.550976138828633,0
1438,322,37,127,0.509316770186335,0
1439,291,4,117,0.415807560137457,0
457,2765,30,904,0.337793851717902,1
458,2370,31,676,0.29831223628692,1
459,2142,29,515,0.253968253968254,1
460,1525,33,444,0.312786885245902,1
461,1772,32,409,0.248871331828442,0
462,2107,7,581,0.27906976744186,1
463,1847,35,633,0.361667569030861,1
464,1859,49,552,0.323292092522862,1
465,1769,23,459,0.272470322215941,1
466,1648,40,505,0.330703883495146,1
467,1898,22,507,0.278714436248683,1
468,2167,31,579,0.281495154591601,1
469,1840,11,658,0.363586956521739,1
470,1915,8,582,0.308093994778068,1
471,2068,18,778,0.384912959381044,1
472,1751,33,617,0.371216447744146,1
473,1998,21,418,0.21971971971972,1
474,1931,24,568,0.306576903158985,1
475,1519,16,450,0.30678077682686,1
476,1445,22,425,0.309342560553633,1
477,1518,35,445,0.316205533596838,1
478,1925,39,580,0.321558441558442,1
479,1756,22,430,0.257403189066059,1
480,2141,30,592,0.290518449322746,1
481,2282,48,731,0.34136722173532,1
482,1513,27,486,0.339061467283543,1
483,1865,57,635,0.371045576407507,1
484,1849,38,492,0.28664142779881,1
485,1892,40,481,0.275369978858351,1
486,1916,33,469,0.262004175365344,1
487,2045,36,608,0.314914425427873,1
488,1852,35,456,0.26511879049676,1
489,1734,13,593,0.349480968858132,1
490,1902,28,612,0.336487907465825,1
491,1881,30,590,0.329611908559277,1
492,1964,54,584,0.324847250509165,1
493,1703,69,458,0.309453904873752,1
494,1909,25,629,0.342587742273442,1
495,1430,15,492,0.354545454545455,1
496,2088,20,651,0.321360153256705,1
497,2280,38,702,0.324561403508772,1
498,2344,25,692,0.305887372013652,1
499,1576,8,381,0.246827411167513,1
500,1683,15,427,0.262626262626263,1
501,1514,15,325,0.224570673712021,1
502,1472,19,268,0.194972826086957,1
503,2410,15,365,0.157676348547718,1
504,1550,15,371,0.249032258064516,1
505,1600,18,351,0.230625,1
506,1921,14,440,0.236335242061426,1
507,1319,12,376,0.294162244124337,1
508,1320,26,344,0.28030303030303,1
509,2009,46,400,0.222000995520159,1
510,608,95,238,0.547697368421053,0
511,1639,20,277,0.181208053691275,1
1924,121,118,0,0.975206611570248,0
1925,88,83,0,0.943181818181818,0
1926,168,164,0,0.976190476190476,0
512,1055,393,583,0.925118483412322,0
513,1815,701,547,0.687603305785124,0
514,1288,6,593,0.465062111801242,0
515,1400,8,548,0.397142857142857,1
516,1293,4,583,0.453982985305491,1
517,1108,1,549,0.496389891696751,1
518,1165,22,236,0.221459227467811,0
519,1407,38,370,0.28997867803838,0
520,1492,40,486,0.35254691689008,0
521,1517,37,445,0.317732366512854,1
522,1435,34,499,0.371428571428571,1
523,1352,57,278,0.247781065088757,0
524,1558,56,341,0.254813863928113,0
525,1493,98,511,0.407903549899531,1
526,1451,41,392,0.29841488628532,0
527,1580,33,493,0.332911392405063,1
528,1620,54,393,0.275925925925926,0
529,1660,26,430,0.274698795180723,1
530,1460,54,395,0.307534246575342,1
531,1341,50,505,0.413870246085011,1
532,1449,42,349,0.26984126984127,0
533,1432,60,341,0.280027932960894,0
534,459,26,233,0.564270152505447,0
535,943,49,393,0.468716861081654,0
536,197,4,105,0.553299492385787,0
537,231,16,92,0.467532467532468,0
538,691,61,289,0.506512301013025,0
539,477,33,182,0.450733752620545,0
540,439,18,154,0.391799544419134,0
541,845,13,331,0.407100591715976,1
542,1524,113,424,0.352362204724409,0
543,577,79,261,0.589254766031196,0
544,121,0,38,0.31404958677686,0
545,107,22,52,0.691588785046729,0
546,68,0,50,0.735294117647059,0
1441,716,29,274,0.423184357541899,0
1442,236,14,98,0.474576271186441,0
1443,1134,29,355,0.338624338624339,1
1444,519,9,146,0.298651252408478,0
1445,564,54,133,0.331560283687943,0
1446,991,78,380,0.462159434914228,1
1447,221,10,102,0.506787330316742,0
1448,201,12,71,0.412935323383085,0
1449,109,1,44,0.412844036697248,0
1450,1076,21,249,0.25092936802974,1
1451,178,18,54,0.404494382022472,0
1452,133,10,54,0.481203007518797,0
1453,445,17,145,0.364044943820225,0
1454,1123,29,356,0.342831700801425,1
1455,457,17,144,0.352297592997812,0
1456,2821,47,719,0.271534916696207,1
1457,2024,40,708,0.369565217391304,1
1458,2238,24,742,0.342269883824844,1
1459,469,22,122,0.307036247334755,0
1460,1100,26,265,0.264545454545455,1
1461,812,52,267,0.392857142857143,0
1462,768,65,296,0.470052083333333,0
1463,1108,88,334,0.38086642599278,1
1464,231,23,73,0.415584415584416,0
1465,157,10,55,0.414012738853503,0
1467,1954,79,736,0.417093142272262,1
1468,2322,59,753,0.349698535745047,1
1469,583,32,223,0.437392795883362,0
1470,159,5,87,0.578616352201258,0
1471,119,10,44,0.453781512605042,0
1472,806,100,166,0.330024813895782,0
1473,540,40,175,0.398148148148148,0
1474,319,16,166,0.570532915360502,0
1475,356,51,120,0.480337078651685,0
1476,543,56,152,0.383057090239411,0
1477,143,24,55,0.552447552447552,0
1478,1431,43,498,0.378057302585604,1
1479,349,26,156,0.521489971346705,0
1480,800,59,242,0.37625,0
1481,902,67,198,0.293791574279379,0
1482,1387,139,278,0.300648882480173,1
1486,377,70,164,0.620689655172414,0
1487,133,17,71,0.661654135338346,0
1488,551,100,257,0.647912885662432,0
1489,116,3,48,0.439655172413793,0
1490,60,10,35,0.75,0
1491,821,17,201,0.265529841656516,0
1492,1452,23,436,0.316115702479339,1
1493,1173,17,325,0.29156010230179,1
1494,114,15,36,0.447368421052632,0
1495,113,6,53,0.52212389380531,0
1496,261,28,150,0.681992337164751,0
1497,178,12,133,0.814606741573034,0
1498,74,0,46,0.621621621621622,0
1499,49,23,14,0.755102040816326,0
1500,320,40,150,0.59375,0
1501,136,26,65,0.669117647058823,0
1502,200,51,95,0.73,0
1503,668,100,185,0.426646706586826,0
1506,254,15,78,0.366141732283465,0
1507,102,5,53,0.568627450980392,0
1508,1126,63,431,0.438721136767318,1
1509,1069,57,353,0.383536014967259,1
1510,122,19,30,0.401639344262295,0
1511,104,3,60,0.605769230769231,0
1512,339,22,152,0.513274336283186,0
1513,186,7,85,0.494623655913978,0
1514,565,26,242,0.474336283185841,1
1515,160,4,54,0.3625,0
1516,922,70,281,0.380694143167028,1
1517,201,49,56,0.522388059701492,0
1518,740,49,247,0.4,1
1519,77,3,43,0.597402597402597,0
1520,109,5,28,0.302752293577982,0
1521,518,22,258,0.540540540540541,0
1524,454,26,354,0.837004405286344,0
1525,235,39,137,0.748936170212766,0
1526,1542,74,643,0.464980544747082,1
1527,223,9,138,0.659192825112108,0
1528,640,49,212,0.4078125,0
1529,166,29,67,0.578313253012048,0
1530,273,46,112,0.578754578754579,0
1532,2034,86,746,0.409046214355949,1
1533,918,45,347,0.427015250544662,0
1534,184,7,88,0.516304347826087,0
1535,157,3,92,0.605095541401274,0
1536,122,3,51,0.442622950819672,0
1537,1095,46,459,0.461187214611872,1
1538,64,4,35,0.609375,0
1539,159,12,76,0.553459119496855,0
1540,210,14,109,0.585714285714286,0
1541,801,13,437,0.561797752808989,0
1542,96,4,55,0.614583333333333,0
1543,126,8,48,0.444444444444444,0
1544,204,3,112,0.563725490196078,0
1545,631,41,283,0.513470681458003,0
1546,400,40,159,0.4975,0
1549,963,43,405,0.46521287642783,0
1550,184,9,123,0.717391304347826,0
1551,213,27,107,0.629107981220657,0
1552,471,18,380,0.845010615711253,0
1553,230,21,186,0.9,0
1554,661,84,391,0.718608169440242,0
1555,270,18,175,0.714814814814815,0
1556,485,45,305,0.721649484536082,0
1557,272,17,146,0.599264705882353,0
1558,1687,94,1223,0.78067575577949,0
1559,118,11,79,0.76271186440678,0
1560,137,5,90,0.693430656934307,0
1561,875,77,375,0.516571428571429,0
1562,325,35,144,0.550769230769231,0
1563,268,53,171,0.835820895522388,0
1564,152,13,112,0.822368421052632,0
1565,1354,158,589,0.551698670605613,1
1566,502,74,280,0.705179282868526,0
1567,236,10,177,0.792372881355932,0
1568,1624,40,569,0.375,1
1569,1482,42,605,0.436572199730094,1
1570,1513,90,458,0.362194315928619,1
1571,1391,61,455,0.370956146657081,1
1572,443,100,282,0.862302483069977,0
1573,226,28,159,0.827433628318584,0
1574,1388,33,747,0.561959654178674,1
1575,473,53,282,0.708245243128964,0
1576,355,52,226,0.783098591549296,0
1577,252,43,178,0.876984126984127,0
1578,232,71,84,0.668103448275862,0
1579,1758,71,649,0.409556313993174,1
1580,784,55,238,0.373724489795918,0
1581,1033,92,396,0.472410454985479,1
1582,1671,40,587,0.375224416517056,1
1583,1034,43,342,0.372340425531915,1
1584,649,175,159,0.514637904468413,1
1585,830,95,270,0.439759036144578,0
1586,1124,50,380,0.382562277580071,1
1587,671,31,226,0.38301043219076,1
1588,1686,103,541,0.38196915776987,1
1589,1118,134,299,0.387298747763864,1
1590,927,45,362,0.439050701186624,0
1591,928,67,355,0.454741379310345,1
1593,1197,127,415,0.452798663324979,1
1594,1078,69,386,0.422077922077922,1
1595,633,88,214,0.477093206951027,0
1596,655,101,182,0.43206106870229,0
1597,112,14,53,0.598214285714286,0
1598,82,0,61,0.74390243902439,0
1599,115,11,72,0.721739130434783,0
1600,283,27,154,0.639575971731449,0
1601,91,13,46,0.648351648351648,0
1602,45,3,19,0.488888888888889,0
1603,135,12,85,0.718518518518519,0
1604,901,154,318,0.523862375138735,0
1605,1115,72,583,0.587443946188341,1
1606,178,12,96,0.606741573033708,0
1609,2085,85,702,0.377458033573142,1
1610,1359,46,320,0.269315673289183,1
1611,2165,54,576,0.290993071593533,1
1612,1564,15,713,0.465473145780051,1
1613,627,14,240,0.405103668261563,0
1614,643,73,185,0.401244167962675,0
1615,409,18,120,0.337408312958435,0
1616,842,26,290,0.375296912114014,0
1617,238,6,95,0.42436974789916,0
1618,429,7,191,0.461538461538462,0
1619,329,12,130,0.43161094224924,0
1620,577,27,153,0.311958405545927,0
1621,1291,121,333,0.351665375677769,1
1622,337,51,94,0.43026706231454,0
1623,543,52,215,0.49171270718232,0
1624,217,30,80,0.506912442396313,0
1625,613,69,197,0.433931484502447,0
1626,214,12,66,0.364485981308411,0
1627,122,13,51,0.524590163934426,0
1628,300,24,94,0.393333333333333,0
1629,322,17,126,0.444099378881988,0
1630,440,34,140,0.395454545454545,0
1631,1086,75,278,0.325046040515654,1
1632,418,8,133,0.337320574162679,0
1633,91,6,36,0.461538461538462,0
1634,183,9,99,0.590163934426229,0
1635,1000,34,303,0.337,1
1637,1154,43,387,0.37261698440208,1
1638,872,24,347,0.42545871559633,1
1639,1193,25,391,0.348700754400671,1
1640,629,49,213,0.416534181240064,0
1641,657,18,243,0.397260273972603,0
1642,160,2,86,0.55,0
1643,1032,48,445,0.477713178294574,1
1644,878,31,369,0.455580865603645,0
1645,218,17,94,0.509174311926605,0
1646,603,40,253,0.485903814262023,0
1647,407,20,153,0.425061425061425,0
1648,486,23,203,0.465020576131687,0
1649,83,2,49,0.614457831325301,0
1650,493,16,179,0.39553752535497,0
1651,409,29,171,0.488997555012225,0
1652,104,6,53,0.567307692307692,0
1653,377,40,160,0.530503978779841,0
1654,156,4,89,0.596153846153846,0
1655,562,29,178,0.368327402135231,0
1657,2394,235,655,0.371762740183793,1
1658,1520,59,493,0.363157894736842,1
1659,1900,109,568,0.356315789473684,1
1660,2251,76,696,0.342958685028876,1
1661,1215,179,359,0.442798353909465,0
1662,75,0,45,0.6,0
1663,121,3,68,0.586776859504132,0
1664,396,43,142,0.467171717171717,0
1665,1096,114,383,0.453467153284672,1
1666,193,30,90,0.621761658031088,0
1667,115,5,62,0.582608695652174,0
1668,349,45,107,0.435530085959885,0
1669,74,4,39,0.581081081081081,0
1670,447,70,275,0.771812080536913,0
1671,141,0,52,0.368794326241135,0
1672,225,51,67,0.524444444444444,0
1673,341,15,150,0.483870967741935,0
1674,106,12,54,0.622641509433962,0
1675,409,27,176,0.496332518337408,0
1676,229,8,124,0.576419213973799,0
1677,392,32,141,0.441326530612245,0
1678,116,3,64,0.577586206896552,0
1679,545,28,161,0.346788990825688,0
1680,480,42,175,0.452083333333333,0
1681,543,44,218,0.482504604051565,0
1682,159,6,50,0.352201257861635,0
1683,560,37,208,0.4375,0
1684,135,6,50,0.414814814814815,0
1685,126,10,64,0.587301587301587,0
1686,1058,74,312,0.364839319470699,0
1687,370,19,130,0.402702702702703,0
1688,911,81,223,0.333699231613611,0
1689,256,18,93,0.43359375,0
1696,1265,50,558,0.480632411067194,1
1697,1124,45,508,0.491992882562278,1
1698,1504,72,676,0.497340425531915,1
1699,397,17,220,0.596977329974811,0
1700,320,13,226,0.746875,0
1701,348,18,200,0.626436781609195,0
1702,364,16,193,0.574175824175824,0
1703,92,0,52,0.565217391304348,0
1704,429,27,200,0.529137529137529,0
1705,1513,94,537,0.417052214144085,1
1706,1114,83,526,0.546678635547576,0
1707,97,6,48,0.556701030927835,0
1708,249,11,140,0.606425702811245,0
1709,386,30,183,0.551813471502591,0
1710,148,6,69,0.506756756756757,0
1711,268,9,222,0.861940298507463,0
1712,689,57,286,0.497822931785196,0
1713,64,3,49,0.8125,0
1714,247,19,161,0.728744939271255,0
1715,364,17,157,0.478021978021978,0
1717,491,57,234,0.592668024439919,0
1718,164,15,86,0.615853658536585,0
1719,618,51,231,0.456310679611651,0
1720,872,32,322,0.405963302752294,0
1721,240,5,126,0.545833333333333,0
1722,724,40,273,0.43232044198895,0
1723,134,13,59,0.537313432835821,0
1724,386,30,152,0.471502590673575,0
1725,435,21,120,0.324137931034483,0
1726,49,0,37,0.755102040816326,0
1727,94,10,47,0.606382978723404,0
1728,1784,52,447,0.279708520179372,1
1729,1719,68,547,0.357766143106457,1
1730,221,10,90,0.452488687782805,0
1731,576,71,319,0.677083333333333,0
1732,122,9,71,0.655737704918033,0
1733,150,4,62,0.44,0
1734,196,18,66,0.428571428571429,0
1735,534,49,180,0.428838951310861,0
1736,159,17,77,0.591194968553459,0
1737,136,15,64,0.580882352941177,0
1738,158,9,82,0.575949367088608,0
1739,1959,96,673,0.392547217968351,1
1740,1665,93,556,0.38978978978979,1
1741,1411,126,398,0.371367824238129,1
1742,338,33,102,0.399408284023669,0
1743,1215,62,349,0.338271604938272,1
1744,408,35,123,0.387254901960784,0
1745,544,62,203,0.487132352941176,0
1746,291,37,122,0.54639175257732,0
1747,717,45,219,0.368200836820084,0
1748,500,53,208,0.522,0
1749,926,60,305,0.394168466522678,1
1750,1246,98,288,0.309791332263242,0
1751,239,11,80,0.380753138075314,0
1752,188,32,64,0.51063829787234,0
1753,182,0,98,0.538461538461538,0
1754,638,81,215,0.463949843260188,0
1755,517,60,216,0.53384912959381,0
1756,141,18,63,0.574468085106383,0
1757,389,9,145,0.395886889460154,0
1758,2106,82,635,0.34045584045584,1
1759,296,23,205,0.77027027027027,0
1760,1946,62,548,0.313463514902364,1
1761,73,0,28,0.383561643835616,0
1762,510,33,175,0.407843137254902,0
1763,117,7,49,0.478632478632479,0
1764,567,49,214,0.46384479717813,0
1765,297,28,94,0.410774410774411,0
1766,572,42,215,0.449300699300699,0
1767,883,78,203,0.318233295583239,0
1768,575,66,219,0.495652173913044,0
1769,405,19,129,0.365432098765432,0
1770,157,5,69,0.471337579617834,0
1773,1342,47,539,0.436661698956781,1
1774,1258,35,431,0.370429252782194,1
1775,1355,64,481,0.402214022140221,1
1776,642,9,293,0.470404984423676,1
1777,907,53,311,0.401323042998897,0
1778,1170,31,342,0.318803418803419,1
1779,179,13,84,0.541899441340782,0
1780,157,5,50,0.35031847133758,0
1781,417,19,157,0.422062350119904,0
1782,274,35,61,0.35036496350365,0
1783,722,49,270,0.441828254847645,0
1784,626,63,309,0.594249201277955,0
1785,177,30,73,0.581920903954802,0
1786,693,31,273,0.438672438672439,0
1787,270,16,102,0.437037037037037,0
1788,115,1,71,0.626086956521739,0
1789,551,43,267,0.562613430127042,0
1790,143,1,100,0.706293706293706,0
1791,404,14,193,0.512376237623762,0
1792,139,4,60,0.460431654676259,0
1793,1451,75,620,0.478980013783598,1
1795,1897,101,632,0.386399578281497,1
1796,1056,74,352,0.403409090909091,1
1797,1372,81,453,0.389212827988338,1
1798,997,87,633,0.722166499498496,0
1799,490,25,223,0.506122448979592,0
1800,1145,128,405,0.465502183406114,1
1801,531,38,269,0.578154425612053,0
1802,666,33,283,0.474474474474474,0
1803,500,80,214,0.588,0
1804,793,57,313,0.466582597730139,0
1805,61,4,35,0.639344262295082,0
1806,530,48,199,0.466037735849057,0
1807,592,77,172,0.420608108108108,0
1808,102,13,59,0.705882352941177,0
1809,97,10,52,0.639175257731959,0
1810,244,23,124,0.602459016393443,0
1811,447,31,168,0.445190156599553,0
1812,197,25,92,0.593908629441624,0
1813,317,37,129,0.523659305993691,0
1814,586,74,297,0.633105802047782,0
1815,95,7,65,0.757894736842105,0
1818,692,47,278,0.469653179190751,0
1819,123,7,74,0.658536585365854,0
1820,120,2,76,0.65,0
1821,573,39,209,0.432809773123909,0
1822,598,49,245,0.491638795986622,0
1823,113,9,64,0.646017699115044,0
1824,195,19,116,0.692307692307692,0
1825,1055,82,367,0.425592417061611,1
1826,2523,121,830,0.376932223543401,1
1827,680,36,211,0.363235294117647,0
1828,74,3,31,0.459459459459459,0
1829,142,6,58,0.450704225352113,0
1830,105,6,54,0.571428571428571,0
1831,87,1,52,0.609195402298851,0
1832,383,7,158,0.430809399477807,0
1833,447,36,207,0.543624161073825,0
1834,105,4,44,0.457142857142857,0
1835,86,4,53,0.662790697674419,0
1836,685,31,240,0.395620437956204,0
1837,95,7,60,0.705263157894737,0
1838,239,23,92,0.481171548117155,0
1847,1502,39,404,0.294940079893475,1
1848,1822,43,700,0.407793633369923,1
1849,772,26,250,0.357512953367876,0
1850,374,43,189,0.620320855614973,0
1851,805,97,308,0.503105590062112,0
1852,327,31,122,0.467889908256881,0
1853,804,41,302,0.426616915422886,0
1854,205,3,113,0.565853658536585,0
1855,399,22,188,0.526315789473684,0
1856,625,28,226,0.4064,1
1857,395,51,147,0.50126582278481,1
1858,399,6,174,0.451127819548872,0
1859,958,55,398,0.47286012526096,0
1860,847,42,444,0.573789846517119,0
1861,242,9,104,0.466942148760331,0
1862,287,37,108,0.505226480836237,0
1864,284,15,96,0.390845070422535,0
1865,638,23,239,0.410658307210031,0
1866,229,11,123,0.585152838427948,0
1867,720,30,222,0.35,0
1868,636,45,228,0.429245283018868,0
1869,139,10,79,0.640287769784173,0
1870,224,16,82,0.4375,0
1871,363,16,188,0.56198347107438,0
1872,901,33,270,0.336293007769145,0
1873,618,7,265,0.440129449838188,0
1874,497,23,199,0.446680080482897,0
1875,211,12,101,0.535545023696682,0
1876,165,5,83,0.533333333333333,0
1877,201,14,84,0.487562189054726,0
1878,278,5,111,0.41726618705036,0
1879,825,29,271,0.363636363636364,0
1880,990,47,307,0.357575757575758,0
1881,252,7,108,0.456349206349206,0
1882,131,7,65,0.549618320610687,0
1883,785,55,250,0.388535031847134,0
1884,349,26,129,0.444126074498567,0
1885,457,29,153,0.398249452954048,0
1886,678,34,201,0.346607669616519,0
1887,1031,28,328,0.34529582929195,0
1888,841,71,248,0.379310344827586,0
1889,624,13,208,0.354166666666667,0
1890,893,37,430,0.522956326987682,0
1891,164,3,75,0.475609756097561,0
1892,659,27,195,0.336874051593323,0
1893,706,63,212,0.389518413597734,0
1894,2571,61,606,0.259432127576818,1
1895,683,35,197,0.339677891654466,1
1896,2018,76,621,0.345391476709613,1
1897,2448,121,649,0.314542483660131,1
1898,592,11,182,0.326013513513513,1
547,2349,32,1042,0.457215836526181,1
548,2320,98,921,0.439224137931034,1
549,2243,37,851,0.39589835042354,1
550,2391,52,1085,0.475533249686324,1
551,2237,39,844,0.394725078229772,1
552,2225,51,956,0.452584269662921,1
